{"is_source_file": true, "format": "JavaScript (React JSX)", "description": "React component for uploading new songs, providing a modal interface with form inputs for song details and file selection.", "external_files": ["./Modal.css"], "external_methods": ["onClose", "onUpload"], "published": ["UploadModal"], "classes": [], "methods": [{"name": "handleChange", "description": "Handles changes to text input fields, updating form data state."}, {"name": "handleFileChange", "description": "Handles file input change, validating file type before updating state."}, {"name": "handleSubmit", "description": "Handles form submission, performs validation, and calls onUpload callback with form data."}], "calls": ["setFormData", "setError", "setLoading", "onUpload", "e.preventDefault()"], "search-terms": ["UploadModal", "React component", "audio file upload", "file validation", "modal dialog", "sound upload form", "useState hook"], "state": 2, "file_id": 28, "knowledge_revision": 63, "git_revision": "", "ctags": [{"_type": "tag", "name": "UploadModal", "path": "/home/kavia/workspace/code-generation/modern-music-player-318903-318913/music_player_frontend/src/components/Dashboard/UploadModal.js", "pattern": "/^const UploadModal = ({ onClose, onUpload }) => {$/", "language": "JavaScript", "kind": "constant"}, {"_type": "tag", "name": "file", "path": "/home/kavia/workspace/code-generation/modern-music-player-318903-318913/music_player_frontend/src/components/Dashboard/UploadModal.js", "pattern": "/^    const file = e.target.files[0];$/", "language": "JavaScript", "kind": "constant"}, {"_type": "tag", "name": "formData", "path": "/home/kavia/workspace/code-generation/modern-music-player-318903-318913/music_player_frontend/src/components/Dashboard/UploadModal.js", "pattern": "/^              value={formData.album}$/", "language": "JavaScript", "kind": "field", "scope": "value", "scopeKind": "class"}, {"_type": "tag", "name": "formData", "path": "/home/kavia/workspace/code-generation/modern-music-player-318903-318913/music_player_frontend/src/components/Dashboard/UploadModal.js", "pattern": "/^              value={formData.artist}$/", "language": "JavaScript", "kind": "field", "scope": "value", "scopeKind": "class"}, {"_type": "tag", "name": "formData", "path": "/home/kavia/workspace/code-generation/modern-music-player-318903-318913/music_player_frontend/src/components/Dashboard/UploadModal.js", "pattern": "/^              value={formData.title}$/", "language": "JavaScript", "kind": "field", "scope": "value", "scopeKind": "class"}, {"_type": "tag", "name": "handleChange", "path": "/home/kavia/workspace/code-generation/modern-music-player-318903-318913/music_player_frontend/src/components/Dashboard/UploadModal.js", "pattern": "/^              onChange={handleChange}$/", "language": "JavaScript", "kind": "field", "scope": "onChange", "scopeKind": "class"}, {"_type": "tag", "name": "handleChange", "path": "/home/kavia/workspace/code-generation/modern-music-player-318903-318913/music_player_frontend/src/components/Dashboard/UploadModal.js", "pattern": "/^  const handleChange = (e) => {$/", "language": "JavaScript", "kind": "constant"}, {"_type": "tag", "name": "handleFileChange", "path": "/home/kavia/workspace/code-generation/modern-music-player-318903-318913/music_player_frontend/src/components/Dashboard/UploadModal.js", "pattern": "/^                onChange={handleFileChange}$/", "language": "JavaScript", "kind": "field", "scope": "onChange", "scopeKind": "class"}, {"_type": "tag", "name": "handleFileChange", "path": "/home/kavia/workspace/code-generation/modern-music-player-318903-318913/music_player_frontend/src/components/Dashboard/UploadModal.js", "pattern": "/^  const handleFileChange = (e) => {$/", "language": "JavaScript", "kind": "constant"}, {"_type": "tag", "name": "handleSubmit", "path": "/home/kavia/workspace/code-generation/modern-music-player-318903-318913/music_player_frontend/src/components/Dashboard/UploadModal.js", "pattern": "/^  const handleSubmit = async (e) => {$/", "language": "JavaScript", "kind": "constant"}, {"_type": "tag", "name": "loading", "path": "/home/kavia/workspace/code-generation/modern-music-player-318903-318913/music_player_frontend/src/components/Dashboard/UploadModal.js", "pattern": "/^              disabled={loading}$/", "language": "JavaScript", "kind": "field", "scope": "disabled", "scopeKind": "class"}, {"_type": "tag", "name": "onClose", "path": "/home/kavia/workspace/code-generation/modern-music-player-318903-318913/music_player_frontend/src/components/Dashboard/UploadModal.js", "pattern": "/^              onClick={onClose}$/", "language": "JavaScript", "kind": "field", "scope": "onClick", "scopeKind": "class"}, {"_type": "tag", "name": "onClose", "path": "/home/kavia/workspace/code-generation/modern-music-player-318903-318913/music_player_frontend/src/components/Dashboard/UploadModal.js", "pattern": "/^const UploadModal = ({ onClose, onUpload }) => {$/", "language": "JavaScript", "kind": "field", "scope": "UploadModal", "scopeKind": "class"}, {"_type": "tag", "name": "setError", "path": "/home/kavia/workspace/code-generation/modern-music-player-318903-318913/music_player_frontend/src/components/Dashboard/UploadModal.js", "pattern": "/^  const [error, setError] = useState('');$/", "language": "JavaScript", "kind": "constant"}, {"_type": "tag", "name": "setFormData", "path": "/home/kavia/workspace/code-generation/modern-music-player-318903-318913/music_player_frontend/src/components/Dashboard/UploadModal.js", "pattern": "/^  const [formData, setFormData] = useState({$/", "language": "JavaScript", "kind": "constant"}, {"_type": "tag", "name": "setLoading", "path": "/home/kavia/workspace/code-generation/modern-music-player-318903-318913/music_player_frontend/src/components/Dashboard/UploadModal.js", "pattern": "/^  const [loading, setLoading] = useState(false);$/", "language": "JavaScript", "kind": "constant"}, {"_type": "tag", "name": "uploadData", "path": "/home/kavia/workspace/code-generation/modern-music-player-318903-318913/music_player_frontend/src/components/Dashboard/UploadModal.js", "pattern": "/^      const uploadData = new FormData();$/", "language": "JavaScript", "kind": "constant"}], "hash": "5260533d1f67ab37e7220080ec02b4d6", "format-version": 4, "code-base-name": "music_player_frontend", "filename": "music_player_frontend/src/components/Dashboard/UploadModal.js", "fields": [{"name": "value={formData.album}", "scope": "value", "scopeKind": "class", "description": "unavailable"}, {"name": "value={formData.artist}", "scope": "value", "scopeKind": "class", "description": "unavailable"}, {"name": "value={formData.title}", "scope": "value", "scopeKind": "class", "description": "unavailable"}, {"name": "onChange={handleChange}", "scope": "onChange", "scopeKind": "class", "description": "unavailable"}, {"name": "onChange={handleFileChange}", "scope": "onChange", "scopeKind": "class", "description": "unavailable"}, {"name": "disabled={loading}", "scope": "disabled", "scopeKind": "class", "description": "unavailable"}, {"name": "onClick={onClose}", "scope": "onClick", "scopeKind": "class", "description": "unavailable"}, {"name": "const UploadModal = ({ onClose, onUpload }) => {", "scope": "UploadModal", "scopeKind": "class", "description": "unavailable"}], "revision_history": [{"63": ""}]}