{"is_source_file": true, "format": "JavaScript (ES6 module)", "description": "This file defines and exports API client functions for interacting with backend endpoints of a music player application, including authentication, playlist, and song management, utilizing axios for HTTP requests with interceptors for auth token handling and error management.", "external_files": ["axios"], "external_methods": ["localStorage.getItem", "localStorage.removeItem", "window.location.href", "axios.create", "axios.post", "axios.get", "axios.put", "axios.delete"], "published": ["authAPI", "playlistAPI", "songAPI"], "classes": [], "methods": [{"name": "register", "description": "Registers a new user with provided user data."}, {"name": "login", "description": "Authenticates a user with provided credentials."}, {"name": "getCurrentUser", "description": "Fetches the profile information of the current authenticated user."}, {"name": "getAll", "description": "Retrieves all playlists or songs."}, {"name": "getById", "description": "Retrieves a specific playlist or song by ID."}, {"name": "create", "description": "Creates a new playlist."}, {"name": "update", "description": "Updates an existing playlist or song."}, {"name": "delete", "description": "Deletes a playlist or song by ID."}, {"name": "addSong", "description": "Adds a song to a playlist."}, {"name": "removeSong", "description": "Removes a song from a playlist."}, {"name": "upload", "description": "Uploads a new song with audio file and metadata."}, {"name": "getAudioUrl", "description": "Returns the URL for accessing a song's audio file."}], "calls": ["axios.create", "api.post", "api.get", "api.put", "api.delete", "localStorage.getItem", "localStorage.removeItem", "window.location.href", "config.headers.Authorization"], "search-terms": ["api client", "auth API", "playlist API", "song API", "axios interceptors", "token management", "music player API"], "state": 2, "file_id": 13, "knowledge_revision": 31, "git_revision": "", "ctags": [{"_type": "tag", "name": "API_BASE_URL", "path": "/home/kavia/workspace/code-generation/modern-music-player-318903-318913/music_player_frontend/src/services/api.js", "pattern": "/^const API_BASE_URL = process.env.REACT_APP_API_BASE || process.env.REACT_APP_BACKEND_URL || 'htt/", "language": "JavaScript", "kind": "constant"}, {"_type": "tag", "name": "addSong", "path": "/home/kavia/workspace/code-generation/modern-music-player-318903-318913/music_player_frontend/src/services/api.js", "pattern": "/^  addSong: (playlistId, songId) => api.post(`\\/api\\/playlists\\/${playlistId}\\/songs\\/${songId}`)/", "language": "JavaScript", "kind": "property", "scope": "playlistAPI", "scopeKind": "class"}, {"_type": "tag", "name": "api", "path": "/home/kavia/workspace/code-generation/modern-music-player-318903-318913/music_player_frontend/src/services/api.js", "pattern": "/^const api = axios.create({$/", "language": "JavaScript", "kind": "constant"}, {"_type": "tag", "name": "authAPI", "path": "/home/kavia/workspace/code-generation/modern-music-player-318903-318913/music_player_frontend/src/services/api.js", "pattern": "/^export const authAPI = {$/", "language": "JavaScript", "kind": "class"}, {"_type": "tag", "name": "create", "path": "/home/kavia/workspace/code-generation/modern-music-player-318903-318913/music_player_frontend/src/services/api.js", "pattern": "/^  create: (playlistData) => api.post('\\/api\\/playlists', playlistData),$/", "language": "JavaScript", "kind": "property", "scope": "playlistAPI", "scopeKind": "class"}, {"_type": "tag", "name": "delete", "path": "/home/kavia/workspace/code-generation/modern-music-player-318903-318913/music_player_frontend/src/services/api.js", "pattern": "/^  delete: (id) => api.delete(`\\/api\\/playlists\\/${id}`),$/", "language": "JavaScript", "kind": "property", "scope": "playlistAPI", "scopeKind": "class"}, {"_type": "tag", "name": "delete", "path": "/home/kavia/workspace/code-generation/modern-music-player-318903-318913/music_player_frontend/src/services/api.js", "pattern": "/^  delete: (id) => api.delete(`\\/api\\/songs\\/${id}`),$/", "language": "JavaScript", "kind": "property", "scope": "songAPI", "scopeKind": "class"}, {"_type": "tag", "name": "getAll", "path": "/home/kavia/workspace/code-generation/modern-music-player-318903-318913/music_player_frontend/src/services/api.js", "pattern": "/^  getAll: () => api.get('\\/api\\/playlists'),$/", "language": "JavaScript", "kind": "property", "scope": "playlistAPI", "scopeKind": "class"}, {"_type": "tag", "name": "getAll", "path": "/home/kavia/workspace/code-generation/modern-music-player-318903-318913/music_player_frontend/src/services/api.js", "pattern": "/^  getAll: () => api.get('\\/api\\/songs'),$/", "language": "JavaScript", "kind": "property", "scope": "songAPI", "scopeKind": "class"}, {"_type": "tag", "name": "getAudioUrl", "path": "/home/kavia/workspace/code-generation/modern-music-player-318903-318913/music_player_frontend/src/services/api.js", "pattern": "/^  getAudioUrl: (id) => `${API_BASE_URL}\\/api\\/songs\\/${id}\\/audio`,$/", "language": "JavaScript", "kind": "property", "scope": "songAPI", "scopeKind": "class"}, {"_type": "tag", "name": "getById", "path": "/home/kavia/workspace/code-generation/modern-music-player-318903-318913/music_player_frontend/src/services/api.js", "pattern": "/^  getById: (id) => api.get(`\\/api\\/playlists\\/${id}`),$/", "language": "JavaScript", "kind": "property", "scope": "playlistAPI", "scopeKind": "class"}, {"_type": "tag", "name": "getById", "path": "/home/kavia/workspace/code-generation/modern-music-player-318903-318913/music_player_frontend/src/services/api.js", "pattern": "/^  getById: (id) => api.get(`\\/api\\/songs\\/${id}`),$/", "language": "JavaScript", "kind": "property", "scope": "songAPI", "scopeKind": "class"}, {"_type": "tag", "name": "getCurrentUser", "path": "/home/kavia/workspace/code-generation/modern-music-player-318903-318913/music_player_frontend/src/services/api.js", "pattern": "/^  getCurrentUser: () => api.get('\\/api\\/auth\\/me'),$/", "language": "JavaScript", "kind": "property", "scope": "authAPI", "scopeKind": "class"}, {"_type": "tag", "name": "login", "path": "/home/kavia/workspace/code-generation/modern-music-player-318903-318913/music_player_frontend/src/services/api.js", "pattern": "/^  login: (credentials) => api.post('\\/api\\/auth\\/login', credentials),$/", "language": "JavaScript", "kind": "property", "scope": "authAPI", "scopeKind": "class"}, {"_type": "tag", "name": "playlistAPI", "path": "/home/kavia/workspace/code-generation/modern-music-player-318903-318913/music_player_frontend/src/services/api.js", "pattern": "/^export const playlistAPI = {$/", "language": "JavaScript", "kind": "class"}, {"_type": "tag", "name": "register", "path": "/home/kavia/workspace/code-generation/modern-music-player-318903-318913/music_player_frontend/src/services/api.js", "pattern": "/^  register: (userData) => api.post('\\/api\\/auth\\/register', userData),$/", "language": "JavaScript", "kind": "property", "scope": "authAPI", "scopeKind": "class"}, {"_type": "tag", "name": "removeSong", "path": "/home/kavia/workspace/code-generation/modern-music-player-318903-318913/music_player_frontend/src/services/api.js", "pattern": "/^  removeSong: (playlistId, songId) => api.delete(`\\/api\\/playlists\\/${playlistId}\\/songs\\/${song/", "language": "JavaScript", "kind": "property", "scope": "playlistAPI", "scopeKind": "class"}, {"_type": "tag", "name": "songAPI", "path": "/home/kavia/workspace/code-generation/modern-music-player-318903-318913/music_player_frontend/src/services/api.js", "pattern": "/^export const songAPI = {$/", "language": "JavaScript", "kind": "class"}, {"_type": "tag", "name": "update", "path": "/home/kavia/workspace/code-generation/modern-music-player-318903-318913/music_player_frontend/src/services/api.js", "pattern": "/^  update: (id, playlistData) => api.put(`\\/api\\/playlists\\/${id}`, playlistData),$/", "language": "JavaScript", "kind": "property", "scope": "playlistAPI", "scopeKind": "class"}, {"_type": "tag", "name": "update", "path": "/home/kavia/workspace/code-generation/modern-music-player-318903-318913/music_player_frontend/src/services/api.js", "pattern": "/^  update: (id, songData) => api.put(`\\/api\\/songs\\/${id}`, songData),$/", "language": "JavaScript", "kind": "property", "scope": "songAPI", "scopeKind": "class"}, {"_type": "tag", "name": "upload", "path": "/home/kavia/workspace/code-generation/modern-music-player-318903-318913/music_player_frontend/src/services/api.js", "pattern": "/^  upload: (formData) => api.post('\\/api\\/songs\\/upload', formData, {$/", "language": "JavaScript", "kind": "property", "scope": "songAPI", "scopeKind": "class"}], "hash": "69251920ca5d6e580f03a9d336a02ed5", "format-version": 4, "code-base-name": "music_player_frontend", "filename": "music_player_frontend/src/services/api.js", "fields": [{"name": "addSong: (playlistId, songId) => api.post(`\\/api\\/playlists\\/${playlistId}\\/songs\\/${songId}`)/", "scope": "playlistAPI", "scopeKind": "class", "description": "unavailable"}, {"name": "create: (playlistData) => api.post('\\/api\\/playlists', playlistData),", "scope": "playlistAPI", "scopeKind": "class", "description": "unavailable"}, {"name": "delete: (id) => api.delete(`\\/api\\/playlists\\/${id}`),", "scope": "playlistAPI", "scopeKind": "class", "description": "unavailable"}, {"name": "delete: (id) => api.delete(`\\/api\\/songs\\/${id}`),", "scope": "songAPI", "scopeKind": "class", "description": "unavailable"}, {"name": "getAll: () => api.get('\\/api\\/playlists'),", "scope": "playlistAPI", "scopeKind": "class", "description": "unavailable"}, {"name": "getAll: () => api.get('\\/api\\/songs'),", "scope": "songAPI", "scopeKind": "class", "description": "unavailable"}, {"name": "getAudioUrl: (id) => `${API_BASE_URL}\\/api\\/songs\\/${id}\\/audio`,", "scope": "songAPI", "scopeKind": "class", "description": "unavailable"}, {"name": "getById: (id) => api.get(`\\/api\\/playlists\\/${id}`),", "scope": "playlistAPI", "scopeKind": "class", "description": "unavailable"}, {"name": "getById: (id) => api.get(`\\/api\\/songs\\/${id}`),", "scope": "songAPI", "scopeKind": "class", "description": "unavailable"}, {"name": "getCurrentUser: () => api.get('\\/api\\/auth\\/me'),", "scope": "authAPI", "scopeKind": "class", "description": "unavailable"}, {"name": "login: (credentials) => api.post('\\/api\\/auth\\/login', credentials),", "scope": "authAPI", "scopeKind": "class", "description": "unavailable"}, {"name": "register: (userData) => api.post('\\/api\\/auth\\/register', userData),", "scope": "authAPI", "scopeKind": "class", "description": "unavailable"}, {"name": "removeSong: (playlistId, songId) => api.delete(`\\/api\\/playlists\\/${playlistId}\\/songs\\/${song/", "scope": "playlistAPI", "scopeKind": "class", "description": "unavailable"}, {"name": "update: (id, playlistData) => api.put(`\\/api\\/playlists\\/${id}`, playlistData),", "scope": "playlistAPI", "scopeKind": "class", "description": "unavailable"}, {"name": "update: (id, songData) => api.put(`\\/api\\/songs\\/${id}`, songData),", "scope": "songAPI", "scopeKind": "class", "description": "unavailable"}, {"name": "upload: (formData) => api.post('\\/api\\/songs\\/upload', formData, {", "scope": "songAPI", "scopeKind": "class", "description": "unavailable"}], "revision_history": [{"31": ""}]}