{"is_source_file": false, "format": "", "description": "", "external_files": [], "external_methods": [], "published": [], "classes": [], "methods": [], "calls": [], "search-terms": ["Header", "CSS styling", "header layout", "Header component styles"], "state": 2, "file_id": 21, "knowledge_revision": 49, "git_revision": "", "hash": "3e6b1cee5385cc28ed5b316309b5532d", "format-version": 4, "code-base-name": "music_player_frontend", "filename": "music_player_frontend/src/components/Dashboard/Header.css", "revision_history": [{"49": ""}]}