{"is_source_file": false, "format": "CSS", "description": "This file contains CSS styles for the authentication components of a web application, including layout, form elements, buttons, and error messages.", "external_files": [], "external_methods": [], "published": [], "classes": [], "methods": [], "calls": [], "search-terms": ["auth-container", "auth-card", "auth-header", "auth-form", "form-group", "btn-primary", "error-message", "auth-footer", "auth-link"], "state": 2, "file_id": 17, "knowledge_revision": 41, "git_revision": "", "hash": "20cafaa91a5b16d3e47351af1a82a755", "format-version": 4, "code-base-name": "music_player_frontend", "filename": "music_player_frontend/src/components/Auth/Auth.css", "revision_history": [{"41": ""}]}