{"is_source_file": true, "format": "JavaScript (React JSX)", "description": "This file defines the main application component for a React-based music player front end, including routing setup and authentication protection for certain routes.", "external_files": ["react", "react-router-dom", "./context/AuthContext", "./components/Auth/Login", "./components/Auth/Register", "./components/Dashboard/Dashboard", "./App.css"], "external_methods": ["useAuth", "AuthProvider"], "published": ["App"], "classes": [], "methods": [{"name": "ProtectedRoute", "description": "A component that renders children only if the user is authenticated; otherwise redirects to login."}, {"name": "AppRouter", "description": "A component that manages route definitions for login, registration, dashboard, and fallback."}, {"name": "App()", "description": "Main application component that wraps the routing logic within the authentication context.", "scope": "", "scopeKind": ""}], "calls": ["useAuth", "Navigate", "React.createElement", "React.useState"], "search_terms": ["ProtectedRoute", "AuthProvider", "AppRouter", "Dashboard", "react-router-dom", "routing", "authentication", "React"], "state": 2, "file_id": 9, "knowledge_revision": 34, "git_revision": "", "ctags": [{"_type": "tag", "name": "App", "path": "/home/kavia/workspace/code-generation/modern-music-player-318903-318913/music_player_frontend/src/App.js", "pattern": "/^function App() {$/", "language": "JavaScript", "kind": "function", "signature": "()"}, {"_type": "tag", "name": "AppRouter", "path": "/home/kavia/workspace/code-generation/modern-music-player-318903-318913/music_player_frontend/src/App.js", "pattern": "/^const AppRouter = () => {$/", "language": "JavaScript", "kind": "constant"}, {"_type": "tag", "name": "ProtectedRoute", "path": "/home/kavia/workspace/code-generation/modern-music-player-318903-318913/music_player_frontend/src/App.js", "pattern": "/^const ProtectedRoute = ({ children }) => {$/", "language": "JavaScript", "kind": "constant"}, {"_type": "tag", "name": "children", "path": "/home/kavia/workspace/code-generation/modern-music-player-318903-318913/music_player_frontend/src/App.js", "pattern": "/^const ProtectedRoute = ({ children }) => {$/", "language": "JavaScript", "kind": "field", "scope": "ProtectedRoute", "scopeKind": "class"}], "hash": "49322e9ec8433af0c0086d4249825556", "format-version": 4, "code-base-name": "music_player_frontend", "filename": "music_player_frontend/src/App.js", "search-terms": [], "fields": [{"name": "const ProtectedRoute = ({ children }) => {", "scope": "ProtectedRoute", "scopeKind": "class", "description": "unavailable"}], "revision_history": [{"34": ""}]}