{"is_source_file": false, "format": null, "description": null, "external_files": [], "external_methods": [], "published": [], "classes": [], "methods": [], "calls": [], "search-terms": ["Player.css", "CSS styling", "music player front-end", "component styling", "responsive design", "player UI", "CSS classes", "layout grid", "media queries"], "state": 2, "file_id": 27, "knowledge_revision": 61, "git_revision": "", "hash": "7f5f4224c68a34b33b147571e10f5ba8", "format-version": 4, "code-base-name": "music_player_frontend", "filename": "music_player_frontend/src/components/Dashboard/Player.css", "revision_history": [{"61": ""}]}