{"is_source_file": true, "format": "JavaScript (React JSX)", "description": "This is the main entry point for a React-based music player frontend application. It imports necessary React modules, CSS styles, and the main App component, then renders the App inside a DOM element with ID 'root' using ReactDOM.", "external_files": ["react", "react-dom/client", "./index.css", "./App"], "external_methods": ["ReactDOM.createRoot", "root.render", "React.StrictMode"], "published": ["root"], "classes": [], "methods": [{"name": "ReactDOM.createRoot", "description": "Creates a root for rendering React components into the DOM."}, {"name": "root.render", "description": "Renders React elements into the created root."}], "calls": ["ReactDOM.createRoot", "root.render", "React.StrictMode", "App"], "search-terms": ["React", "ReactDOM", "index.js", "entry point", "render", "createRoot", "strict mode"], "state": 2, "file_id": 12, "knowledge_revision": 28, "git_revision": "", "ctags": [{"_type": "tag", "name": "root", "path": "/home/kavia/workspace/code-generation/modern-music-player-318903-318913/music_player_frontend/src/index.js", "pattern": "/^const root = ReactDOM.createRoot(document.getElementById('root'));$/", "language": "JavaScript", "kind": "constant"}], "hash": "9fc5841375336fc175b49f8767a11383", "format-version": 4, "code-base-name": "music_player_frontend", "filename": "music_player_frontend/src/index.js", "revision_history": [{"28": ""}]}