{"is_source_file": true, "format": "JavaScript (React JSX)", "description": "This file defines a React functional component named 'Login' used for user authentication, handling login form inputs, submission, error display, and navigation upon successful login.", "external_files": ["../../context/AuthContext", "./Auth.css", "react", "react-router-dom"], "external_methods": ["useAuth", "useNavigate", "login"], "published": ["Login"], "classes": [], "methods": [{"name": "handleChange", "description": "Handles updates to form input fields and resets error messages."}, {"name": "handleSubmit", "description": "Handles form submission, manages login process, error handling, and navigation."}], "calls": ["useAuth", "useNavigate", "login", "navigate", "setFormData", "setError", "setLoading", "e.preventDefault()", "await login(formData)", "navigate('/')", "setError(err.response?.data?.message || 'Login failed. Please try again.')"], "search-terms": ["Login React component", "authentication form", "Login form handling", "React hooks useState", "useAuth context", "React Router useNavigate", "login method"], "state": 2, "file_id": 15, "knowledge_revision": 37, "git_revision": "", "ctags": [{"_type": "tag", "name": "Login", "path": "/home/kavia/workspace/code-generation/modern-music-player-318903-318913/music_player_frontend/src/components/Auth/Login.js", "pattern": "/^const Login = () => {$/", "language": "JavaScript", "kind": "constant"}, {"_type": "tag", "name": "formData", "path": "/home/kavia/workspace/code-generation/modern-music-player-318903-318913/music_player_frontend/src/components/Auth/Login.js", "pattern": "/^              value={formData.password}$/", "language": "JavaScript", "kind": "field", "scope": "value", "scopeKind": "class"}, {"_type": "tag", "name": "formData", "path": "/home/kavia/workspace/code-generation/modern-music-player-318903-318913/music_player_frontend/src/components/Auth/Login.js", "pattern": "/^              value={formData.username}$/", "language": "JavaScript", "kind": "field", "scope": "value", "scopeKind": "class"}, {"_type": "tag", "name": "handleChange", "path": "/home/kavia/workspace/code-generation/modern-music-player-318903-318913/music_player_frontend/src/components/Auth/Login.js", "pattern": "/^              onChange={handleChange}$/", "language": "JavaScript", "kind": "field", "scope": "onChange", "scopeKind": "class"}, {"_type": "tag", "name": "handleChange", "path": "/home/kavia/workspace/code-generation/modern-music-player-318903-318913/music_player_frontend/src/components/Auth/Login.js", "pattern": "/^  const handleChange = (e) => {$/", "language": "JavaScript", "kind": "constant"}, {"_type": "tag", "name": "handleSubmit", "path": "/home/kavia/workspace/code-generation/modern-music-player-318903-318913/music_player_frontend/src/components/Auth/Login.js", "pattern": "/^  const handleSubmit = async (e) => {$/", "language": "JavaScript", "kind": "constant"}, {"_type": "tag", "name": "navigate", "path": "/home/kavia/workspace/code-generation/modern-music-player-318903-318913/music_player_frontend/src/components/Auth/Login.js", "pattern": "/^  const navigate = useNavigate();$/", "language": "JavaScript", "kind": "constant"}, {"_type": "tag", "name": "setError", "path": "/home/kavia/workspace/code-generation/modern-music-player-318903-318913/music_player_frontend/src/components/Auth/Login.js", "pattern": "/^  const [error, setError] = useState('');$/", "language": "JavaScript", "kind": "constant"}, {"_type": "tag", "name": "setFormData", "path": "/home/kavia/workspace/code-generation/modern-music-player-318903-318913/music_player_frontend/src/components/Auth/Login.js", "pattern": "/^  const [formData, setFormData] = useState({$/", "language": "JavaScript", "kind": "constant"}, {"_type": "tag", "name": "setLoading", "path": "/home/kavia/workspace/code-generation/modern-music-player-318903-318913/music_player_frontend/src/components/Auth/Login.js", "pattern": "/^  const [loading, setLoading] = useState(false);$/", "language": "JavaScript", "kind": "constant"}], "hash": "2eb32dae006633d5a1b7eb580f2cc563", "format-version": 4, "code-base-name": "music_player_frontend", "filename": "music_player_frontend/src/components/Auth/Login.js", "fields": [{"name": "value={formData.password}", "scope": "value", "scopeKind": "class", "description": "unavailable"}, {"name": "value={formData.username}", "scope": "value", "scopeKind": "class", "description": "unavailable"}, {"name": "onChange={handleChange}", "scope": "onChange", "scopeKind": "class", "description": "unavailable"}], "revision_history": [{"37": ""}]}