{"is_source_file": false, "format": "", "description": "", "external_files": [], "external_methods": [], "published": [], "classes": [], "methods": [], "calls": [], "search-terms": ["PlaylistSidebar", "CSS styling for playlist sidebar", "playlist-sidebar class", "sidebar-header style", "playlist-item hover", "btn-create-playlist button"], "state": 2, "file_id": 23, "knowledge_revision": 53, "git_revision": "", "hash": "7212c83b63fa8855cf38e6f14ed58df9", "format-version": 4, "code-base-name": "music_player_frontend", "filename": "music_player_frontend/src/components/Dashboard/PlaylistSidebar.css", "revision_history": [{"53": ""}]}