{"is_source_file": true, "format": "JavaScript (React JSX)", "description": "React component 'SongList' which displays a list of songs with controls for play, pause, adding to/removing from playlists, and toggling context menus. It uses React hooks, external icon components, and CSS styling.", "external_files": ["./SongList.css"], "external_methods": ["onAddToPlaylist", "onRemoveFromPlaylist", "onSongSelect"], "published": ["SongList"], "classes": [], "methods": [{"name": "formatDuration", "description": "Converts song duration from seconds to a MM:SS string format."}, {"name": "toggleMenu", "description": "Toggles the visibility of the action menu for a specific song."}, {"name": "handleAddToPlaylist", "description": "Handles adding a song to a playlist asynchronously, with error handling."}, {"name": "handleRemoveFromPlaylist", "description": "Handles removing a song from a playlist asynchronously, with error handling."}], "calls": ["onAddToPlaylist", "onRemoveFromPlaylist", "onSongSelect"], "search-terms": ["React SongList component", "playlist management", "song control buttons", "context menu toggle", "duration formatting", "playlist actions"], "state": 2, "file_id": 24, "knowledge_revision": 55, "git_revision": "", "ctags": [{"_type": "tag", "name": "SongList", "path": "/home/kavia/workspace/code-generation/modern-music-player-318903-318913/music_player_frontend/src/components/Dashboard/SongList.js", "pattern": "/^const SongList = ({$/", "language": "JavaScript", "kind": "constant"}, {"_type": "tag", "name": "formatDuration", "path": "/home/kavia/workspace/code-generation/modern-music-player-318903-318913/music_player_frontend/src/components/Dashboard/SongList.js", "pattern": "/^  const formatDuration = (seconds) => {$/", "language": "JavaScript", "kind": "constant"}, {"_type": "tag", "name": "handleAddToPlaylist", "path": "/home/kavia/workspace/code-generation/modern-music-player-318903-318913/music_player_frontend/src/components/Dashboard/SongList.js", "pattern": "/^  const handleAddToPlaylist = async (playlistId, songId) => {$/", "language": "JavaScript", "kind": "constant"}, {"_type": "tag", "name": "handleRemoveFromPlaylist", "path": "/home/kavia/workspace/code-generation/modern-music-player-318903-318913/music_player_frontend/src/components/Dashboard/SongList.js", "pattern": "/^  const handleRemoveFromPlaylist = async (songId) => {$/", "language": "JavaScript", "kind": "constant"}, {"_type": "tag", "name": "mins", "path": "/home/kavia/workspace/code-generation/modern-music-player-318903-318913/music_player_frontend/src/components/Dashboard/SongList.js", "pattern": "/^    const mins = Math.floor(seconds \\/ 60);$/", "language": "JavaScript", "kind": "constant"}, {"_type": "tag", "name": "secs", "path": "/home/kavia/workspace/code-generation/modern-music-player-318903-318913/music_player_frontend/src/components/Dashboard/SongList.js", "pattern": "/^    const secs = Math.floor(seconds % 60);$/", "language": "JavaScript", "kind": "constant"}, {"_type": "tag", "name": "setMenuOpenForSong", "path": "/home/kavia/workspace/code-generation/modern-music-player-318903-318913/music_player_frontend/src/components/Dashboard/SongList.js", "pattern": "/^  const [menuOpenForSong, setMenuOpenForSong] = useState(null);$/", "language": "JavaScript", "kind": "constant"}, {"_type": "tag", "name": "songs", "path": "/home/kavia/workspace/code-generation/modern-music-player-318903-318913/music_player_frontend/src/components/Dashboard/SongList.js", "pattern": "/^  songs,$/", "language": "JavaScript", "kind": "field", "scope": "SongList", "scopeKind": "class"}, {"_type": "tag", "name": "toggleMenu", "path": "/home/kavia/workspace/code-generation/modern-music-player-318903-318913/music_player_frontend/src/components/Dashboard/SongList.js", "pattern": "/^  const toggleMenu = (songId) => {$/", "language": "JavaScript", "kind": "constant"}], "hash": "4e5f26bf488e08373a00fc4b8692325c", "format-version": 4, "code-base-name": "music_player_frontend", "filename": "music_player_frontend/src/components/Dashboard/SongList.js", "fields": [{"name": "songs,", "scope": "SongList", "scopeKind": "class", "description": "unavailable"}], "revision_history": [{"55": ""}]}