{"is_source_file": true, "format": "JavaScript (React JSX)", "description": "React component implementing the main dashboard interface for a music player app, managing state, API interactions, and rendering subcomponents.", "external_files": ["./Header", "./PlaylistSidebar", "./SongList", "./Player", "./UploadModal", "./PlaylistModal", "../../services/api", "./Dashboard.css"], "external_methods": ["songAPI.getAll", "playlistAPI.getAll", "playlistAPI.getById", "playlistAPI.create", "playlistAPI.update", "playlistAPI.delete", "songAPI.upload", "playlistAPI.addSong", "playlistAPI.removeSong"], "published": ["Dashboard"], "classes": [], "methods": [{"name": "loadData", "description": "Fetches songs and playlists from API and updates state."}, {"name": "handleSongSelect", "description": "Sets the selected song as current and starts playback."}, {"name": "handlePlaylistSelect", "description": "Loads and sets the selected playlist as current."}, {"name": "handlePlaylistCreate", "description": "Creates a new playlist and reloads data."}, {"name": "handlePlaylistUpdate", "description": "Updates playlist info and reloads data."}, {"name": "handlePlaylistDelete", "description": "Deletes a playlist and reloads data."}, {"name": "handleSongUpload", "description": "Uploads a song and reloads the data."}, {"name": "handleAddToPlaylist", "description": "Adds a song to a playlist and updates the playlist."}, {"name": "handleRemoveFromPlaylist", "description": "Removes a song from a playlist and updates."}], "calls": ["useState", "useEffect", "setLoading", "setSongs", "setPlaylists", "setCurrentSong", "setCurrentPlaylist", "setIsPlaying", "setShowUploadModal", "setShowPlaylistModal", "loadData", "playlistAPI.getById", "playlistAPI.create", "playlistAPI.update", "playlistAPI.delete", "songAPI.getAll", "songAPI.upload", "playlistAPI.addSong", "playlistAPI.removeSong"], "search-terms": ["Dashboard React component", "Music player state management", "Playlist handling", "API service interaction", "Modal components", "loadData function"], "state": 2, "file_id": 18, "knowledge_revision": 43, "git_revision": "", "ctags": [{"_type": "tag", "name": "Dashboard", "path": "/home/kavia/workspace/code-generation/modern-music-player-318903-318913/music_player_frontend/src/components/Dashboard/Dashboard.js", "pattern": "/^const Dashboard = () => {$/", "language": "JavaScript", "kind": "constant"}, {"_type": "tag", "name": "currentIndex", "path": "/home/kavia/workspace/code-generation/modern-music-player-318903-318913/music_player_frontend/src/components/Dashboard/Dashboard.js", "pattern": "/^          const currentIndex = displaySongs.findIndex(s => s.id === currentSong?.id);$/", "language": "JavaScript", "kind": "constant", "scope": "onNext", "scopeKind": "class"}, {"_type": "tag", "name": "currentIndex", "path": "/home/kavia/workspace/code-generation/modern-music-player-318903-318913/music_player_frontend/src/components/Dashboard/Dashboard.js", "pattern": "/^          const currentIndex = displaySongs.findIndex(s => s.id === currentSong?.id);$/", "language": "JavaScript", "kind": "constant", "scope": "onPrevious", "scopeKind": "class"}, {"_type": "tag", "name": "currentPlaylist", "path": "/home/kavia/workspace/code-generation/modern-music-player-318903-318913/music_player_frontend/src/components/Dashboard/Dashboard.js", "pattern": "/^            currentPlaylist={currentPlaylist}$/", "language": "JavaScript", "kind": "field", "scope": "currentPlaylist", "scopeKind": "class"}, {"_type": "tag", "name": "currentPlaylist", "path": "/home/kavia/workspace/code-generation/modern-music-player-318903-318913/music_player_frontend/src/components/Dashboard/Dashboard.js", "pattern": "/^          currentPlaylist={currentPlaylist}$/", "language": "JavaScript", "kind": "field", "scope": "currentPlaylist", "scopeKind": "class"}, {"_type": "tag", "name": "currentSong", "path": "/home/kavia/workspace/code-generation/modern-music-player-318903-318913/music_player_frontend/src/components/Dashboard/Dashboard.js", "pattern": "/^            currentSong={currentSong}$/", "language": "JavaScript", "kind": "field", "scope": "currentSong", "scopeKind": "class"}, {"_type": "tag", "name": "currentSong", "path": "/home/kavia/workspace/code-generation/modern-music-player-318903-318913/music_player_frontend/src/components/Dashboard/Dashboard.js", "pattern": "/^        currentSong={currentSong}$/", "language": "JavaScript", "kind": "field", "scope": "currentSong", "scopeKind": "class"}, {"_type": "tag", "name": "displaySongs", "path": "/home/kavia/workspace/code-generation/modern-music-player-318903-318913/music_player_frontend/src/components/Dashboard/Dashboard.js", "pattern": "/^            songs={displaySongs}$/", "language": "JavaScript", "kind": "field", "scope": "songs", "scopeKind": "class"}, {"_type": "tag", "name": "displaySongs", "path": "/home/kavia/workspace/code-generation/modern-music-player-318903-318913/music_player_frontend/src/components/Dashboard/Dashboard.js", "pattern": "/^  const displaySongs = currentPlaylist?.songs || songs;$/", "language": "JavaScript", "kind": "constant"}, {"_type": "tag", "name": "handleAddToPlaylist", "path": "/home/kavia/workspace/code-generation/modern-music-player-318903-318913/music_player_frontend/src/components/Dashboard/Dashboard.js", "pattern": "/^            onAddToPlaylist={handleAddToPlaylist}$/", "language": "JavaScript", "kind": "field", "scope": "onAddToPlaylist", "scopeKind": "class"}, {"_type": "tag", "name": "handleAddToPlaylist", "path": "/home/kavia/workspace/code-generation/modern-music-player-318903-318913/music_player_frontend/src/components/Dashboard/Dashboard.js", "pattern": "/^  const handleAddToPlaylist = async (playlistId, songId) => {$/", "language": "JavaScript", "kind": "constant"}, {"_type": "tag", "name": "handlePlaylistCreate", "path": "/home/kavia/workspace/code-generation/modern-music-player-318903-318913/music_player_frontend/src/components/Dashboard/Dashboard.js", "pattern": "/^  const handlePlaylistCreate = async (playlistData) => {$/", "language": "JavaScript", "kind": "constant"}, {"_type": "tag", "name": "handlePlaylistDelete", "path": "/home/kavia/workspace/code-generation/modern-music-player-318903-318913/music_player_frontend/src/components/Dashboard/Dashboard.js", "pattern": "/^          onPlaylistDelete={handlePlaylistDelete}$/", "language": "JavaScript", "kind": "field", "scope": "onPlaylistDelete", "scopeKind": "class"}, {"_type": "tag", "name": "handlePlaylistDelete", "path": "/home/kavia/workspace/code-generation/modern-music-player-318903-318913/music_player_frontend/src/components/Dashboard/Dashboard.js", "pattern": "/^  const handlePlaylistDelete = async (id) => {$/", "language": "JavaScript", "kind": "constant"}, {"_type": "tag", "name": "handlePlaylistSelect", "path": "/home/kavia/workspace/code-generation/modern-music-player-318903-318913/music_player_frontend/src/components/Dashboard/Dashboard.js", "pattern": "/^          onPlaylistSelect={handlePlaylistSelect}$/", "language": "JavaScript", "kind": "field", "scope": "onPlaylistSelect", "scopeKind": "class"}, {"_type": "tag", "name": "handlePlaylistSelect", "path": "/home/kavia/workspace/code-generation/modern-music-player-318903-318913/music_player_frontend/src/components/Dashboard/Dashboard.js", "pattern": "/^  const handlePlaylistSelect = async (playlist) => {$/", "language": "JavaScript", "kind": "constant"}, {"_type": "tag", "name": "handlePlaylistUpdate", "path": "/home/kavia/workspace/code-generation/modern-music-player-318903-318913/music_player_frontend/src/components/Dashboard/Dashboard.js", "pattern": "/^          onPlaylistUpdate={handlePlaylistUpdate}$/", "language": "JavaScript", "kind": "field", "scope": "onPlaylistUpdate", "scopeKind": "class"}, {"_type": "tag", "name": "handlePlaylistUpdate", "path": "/home/kavia/workspace/code-generation/modern-music-player-318903-318913/music_player_frontend/src/components/Dashboard/Dashboard.js", "pattern": "/^  const handlePlaylistUpdate = async (id, playlistData) => {$/", "language": "JavaScript", "kind": "constant"}, {"_type": "tag", "name": "handleRemoveFromPlaylist", "path": "/home/kavia/workspace/code-generation/modern-music-player-318903-318913/music_player_frontend/src/components/Dashboard/Dashboard.js", "pattern": "/^            onRemoveFromPlaylist={handleRemoveFromPlaylist}$/", "language": "JavaScript", "kind": "field", "scope": "onRemoveFromPlaylist", "scopeKind": "class"}, {"_type": "tag", "name": "handleRemoveFromPlaylist", "path": "/home/kavia/workspace/code-generation/modern-music-player-318903-318913/music_player_frontend/src/components/Dashboard/Dashboard.js", "pattern": "/^  const handleRemoveFromPlaylist = async (playlistId, songId) => {$/", "language": "JavaScript", "kind": "constant"}, {"_type": "tag", "name": "handleSongSelect", "path": "/home/kavia/workspace/code-generation/modern-music-player-318903-318913/music_player_frontend/src/components/Dashboard/Dashboard.js", "pattern": "/^            onSongSelect={handleSongSelect}$/", "language": "JavaScript", "kind": "field", "scope": "onSongSelect", "scopeKind": "class"}, {"_type": "tag", "name": "handleSongSelect", "path": "/home/kavia/workspace/code-generation/modern-music-player-318903-318913/music_player_frontend/src/components/Dashboard/Dashboard.js", "pattern": "/^  const handleSongSelect = (song) => {$/", "language": "JavaScript", "kind": "constant"}, {"_type": "tag", "name": "handleSongUpload", "path": "/home/kavia/workspace/code-generation/modern-music-player-318903-318913/music_player_frontend/src/components/Dashboard/Dashboard.js", "pattern": "/^  const handleSongUpload = async (formData) => {$/", "language": "JavaScript", "kind": "constant"}, {"_type": "tag", "name": "isPlaying", "path": "/home/kavia/workspace/code-generation/modern-music-player-318903-318913/music_player_frontend/src/components/Dashboard/Dashboard.js", "pattern": "/^            isPlaying={isPlaying}$/", "language": "JavaScript", "kind": "field", "scope": "isPlaying", "scopeKind": "class"}, {"_type": "tag", "name": "isPlaying", "path": "/home/kavia/workspace/code-generation/modern-music-player-318903-318913/music_player_frontend/src/components/Dashboard/Dashboard.js", "pattern": "/^        isPlaying={isPlaying}$/", "language": "JavaScript", "kind": "field", "scope": "isPlaying", "scopeKind": "class"}, {"_type": "tag", "name": "loadData", "path": "/home/kavia/workspace/code-generation/modern-music-player-318903-318913/music_player_frontend/src/components/Dashboard/Dashboard.js", "pattern": "/^  const loadData = async () => {$/", "language": "JavaScript", "kind": "constant"}, {"_type": "tag", "name": "playlists", "path": "/home/kavia/workspace/code-generation/modern-music-player-318903-318913/music_player_frontend/src/components/Dashboard/Dashboard.js", "pattern": "/^            playlists={playlists}$/", "language": "JavaScript", "kind": "field", "scope": "playlists", "scopeKind": "class"}, {"_type": "tag", "name": "playlists", "path": "/home/kavia/workspace/code-generation/modern-music-player-318903-318913/music_player_frontend/src/components/Dashboard/Dashboard.js", "pattern": "/^          playlists={playlists}$/", "language": "JavaScript", "kind": "field", "scope": "playlists", "scopeKind": "class"}, {"_type": "tag", "name": "playlistsResponse", "path": "/home/kavia/workspace/code-generation/modern-music-player-318903-318913/music_player_frontend/src/components/Dashboard/Dashboard.js", "pattern": "/^      const [songsResponse, playlistsResponse] = await Promise.all([$/", "language": "JavaScript", "kind": "constant"}, {"_type": "tag", "name": "response", "path": "/home/kavia/workspace/code-generation/modern-music-player-318903-318913/music_player_frontend/src/components/Dashboard/Dashboard.js", "pattern": "/^        const response = await playlistAPI.getById(id);$/", "language": "JavaScript", "kind": "constant"}, {"_type": "tag", "name": "response", "path": "/home/kavia/workspace/code-generation/modern-music-player-318903-318913/music_player_frontend/src/components/Dashboard/Dashboard.js", "pattern": "/^        const response = await playlistAPI.getById(playlistId);$/", "language": "JavaScript", "kind": "constant"}, {"_type": "tag", "name": "response", "path": "/home/kavia/workspace/code-generation/modern-music-player-318903-318913/music_player_frontend/src/components/Dashboard/Dashboard.js", "pattern": "/^      const response = await playlistAPI.getById(playlist.id);$/", "language": "JavaScript", "kind": "constant"}, {"_type": "tag", "name": "setCurrentPlaylist", "path": "/home/kavia/workspace/code-generation/modern-music-player-318903-318913/music_player_frontend/src/components/Dashboard/Dashboard.js", "pattern": "/^  const [currentPlaylist, setCurrentPlaylist] = useState(null);$/", "language": "JavaScript", "kind": "constant"}, {"_type": "tag", "name": "setCurrentSong", "path": "/home/kavia/workspace/code-generation/modern-music-player-318903-318913/music_player_frontend/src/components/Dashboard/Dashboard.js", "pattern": "/^  const [currentSong, setCurrentSong] = useState(null);$/", "language": "JavaScript", "kind": "constant"}, {"_type": "tag", "name": "setError", "path": "/home/kavia/workspace/code-generation/modern-music-player-318903-318913/music_player_frontend/src/components/Dashboard/Dashboard.js", "pattern": "/^  const [error, setError] = useState('');$/", "language": "JavaScript", "kind": "constant"}, {"_type": "tag", "name": "setIsPlaying", "path": "/home/kavia/workspace/code-generation/modern-music-player-318903-318913/music_player_frontend/src/components/Dashboard/Dashboard.js", "pattern": "/^  const [isPlaying, setIsPlaying] = useState(false);$/", "language": "JavaScript", "kind": "constant"}, {"_type": "tag", "name": "setLoading", "path": "/home/kavia/workspace/code-generation/modern-music-player-318903-318913/music_player_frontend/src/components/Dashboard/Dashboard.js", "pattern": "/^  const [loading, setLoading] = useState(true);$/", "language": "JavaScript", "kind": "constant"}, {"_type": "tag", "name": "setPlaylists", "path": "/home/kavia/workspace/code-generation/modern-music-player-318903-318913/music_player_frontend/src/components/Dashboard/Dashboard.js", "pattern": "/^  const [playlists, setPlaylists] = useState([]);$/", "language": "JavaScript", "kind": "constant"}, {"_type": "tag", "name": "setShowPlaylistModal", "path": "/home/kavia/workspace/code-generation/modern-music-player-318903-318913/music_player_frontend/src/components/Dashboard/Dashboard.js", "pattern": "/^  const [showPlaylistModal, setShowPlaylistModal] = useState(false);$/", "language": "JavaScript", "kind": "constant"}, {"_type": "tag", "name": "setShowUploadModal", "path": "/home/kavia/workspace/code-generation/modern-music-player-318903-318913/music_player_frontend/src/components/Dashboard/Dashboard.js", "pattern": "/^  const [showUploadModal, setShowUploadModal] = useState(false);$/", "language": "JavaScript", "kind": "constant"}, {"_type": "tag", "name": "setSongs", "path": "/home/kavia/workspace/code-generation/modern-music-player-318903-318913/music_player_frontend/src/components/Dashboard/Dashboard.js", "pattern": "/^  const [songs, setSongs] = useState([]);$/", "language": "JavaScript", "kind": "constant"}], "hash": "d8801e94003c37b6ed75f37c8ecd2a72", "format-version": 4, "code-base-name": "music_player_frontend", "filename": "music_player_frontend/src/components/Dashboard/Dashboard.js", "fields": [{"name": "currentPlaylist={currentPlaylist}", "scope": "currentPlaylist", "scopeKind": "class", "description": "unavailable"}, {"name": "currentSong={currentSong}", "scope": "currentSong", "scopeKind": "class", "description": "unavailable"}, {"name": "songs={displaySongs}", "scope": "songs", "scopeKind": "class", "description": "unavailable"}, {"name": "onAddToPlaylist={handleAddToPlaylist}", "scope": "onAddToPlaylist", "scopeKind": "class", "description": "unavailable"}, {"name": "onPlaylistDelete={handlePlaylistDelete}", "scope": "onPlaylistDelete", "scopeKind": "class", "description": "unavailable"}, {"name": "onPlaylistSelect={handlePlaylistSelect}", "scope": "onPlaylistSelect", "scopeKind": "class", "description": "unavailable"}, {"name": "onPlaylistUpdate={handlePlaylistUpdate}", "scope": "onPlaylistUpdate", "scopeKind": "class", "description": "unavailable"}, {"name": "onRemoveFromPlaylist={handleRemoveFromPlaylist}", "scope": "onRemoveFromPlaylist", "scopeKind": "class", "description": "unavailable"}, {"name": "onSongSelect={handleSongSelect}", "scope": "onSongSelect", "scopeKind": "class", "description": "unavailable"}, {"name": "isPlaying={isPlaying}", "scope": "isPlaying", "scopeKind": "class", "description": "unavailable"}, {"name": "playlists={playlists}", "scope": "playlists", "scopeKind": "class", "description": "unavailable"}], "revision_history": [{"43": ""}]}