{"is_source_file": true, "format": "HTML", "description": "This is the main HTML template file for the web application frontend, setting up the page structure, metadata, external resources, and root div for a React-based app.", "external_files": ["%PUBLIC_URL%/favicon.ico", "%PUBLIC_URL%/logo192.png", "%PUBLIC_URL%/manifest.json"], "external_methods": [], "published": [], "classes": [], "methods": [], "calls": [], "search-terms": ["index.html", "React", "public folder", "HTML template", "meta tags", "favicon", "manifest", "root div"], "state": 3, "file_id": 6, "knowledge_revision": 22, "git_revision": "", "hash": null, "format-version": 4, "code-base-name": "music_player_frontend", "filename": "music_player_frontend/public/index.html", "revision_history": [{"22": ""}, {"27": ""}]}