{"is_source_file": true, "format": "JavaScript (React component)", "description": "This file defines a React functional component named Header, which renders the header/navigation section of a music player web application. It includes icons, user info, and controls for uploading songs and logging out.", "external_files": ["./Header.css", "../../context/AuthContext", "react", "react-icons/fa"], "external_methods": ["useAuth()", "logout"], "published": ["Header"], "classes": [], "methods": [{"name": "Header", "description": "React functional component that renders the header with user info, upload button, and logout button."}], "calls": ["useAuth()", "logout"], "search-terms": ["Header", "React Header component", "music player header", "user menu", "upload button", "logout button", "react-icons", "AuthContext"], "state": 2, "file_id": 20, "knowledge_revision": 47, "git_revision": "", "ctags": [{"_type": "tag", "name": "Header", "path": "/home/kavia/workspace/code-generation/modern-music-player-318903-318913/music_player_frontend/src/components/Dashboard/Header.js", "pattern": "/^const Header = ({ onUploadClick }) => {$/", "language": "JavaScript", "kind": "constant"}, {"_type": "tag", "name": "onUploadClick", "path": "/home/kavia/workspace/code-generation/modern-music-player-318903-318913/music_player_frontend/src/components/Dashboard/Header.js", "pattern": "/^const Header = ({ onUploadClick }) => {$/", "language": "JavaScript", "kind": "field", "scope": "Header", "scopeKind": "class"}], "hash": "192c8800958a27ffddb19866a1488ec4", "format-version": 4, "code-base-name": "music_player_frontend", "filename": "music_player_frontend/src/components/Dashboard/Header.js", "fields": [{"name": "const Header = ({ onUploadClick }) => {", "scope": "Header", "scopeKind": "class", "description": "unavailable"}], "revision_history": [{"47": ""}]}