{"is_source_file": true, "format": "JavaScript", "description": "This file defines an authentication context for a React application, providing hooks and a provider component to manage user authentication state, login, registration, and logout functionalities.", "external_files": ["../services/api"], "external_methods": ["authAPI.login", "authAPI.register"], "published": ["useAuth", "AuthProvider"], "classes": [], "methods": [{"name": "useAuth", "description": "A custom React hook to access the authentication context, ensuring it is used within an AuthProvider."}, {"name": "AuthProvider", "description": "A React component that provides authentication state and actions (login, register, logout) to its child components."}, {"name": "login", "description": "Asynchronous function to authenticate user using credentials, store token and user data in local storage, and update context state."}, {"name": "register", "description": "Asynchronous function to register a new user, store token and user data, and update context state."}, {"name": "logout", "description": "Function to clear authentication data from local storage and context state."}], "calls": ["authAPI.login", "authAPI.register"], "search-terms": ["AuthContext", "useAuth", "AuthProvider", "React Context", "localStorage token", "authentication state"], "state": 2, "file_id": 14, "knowledge_revision": 33, "git_revision": "", "ctags": [{"_type": "tag", "name": "AuthContext", "path": "/home/kavia/workspace/code-generation/modern-music-player-318903-318913/music_player_frontend/src/context/AuthContext.js", "pattern": "/^const AuthContext = createContext(null);$/", "language": "JavaScript", "kind": "constant"}, {"_type": "tag", "name": "AuthProvider", "path": "/home/kavia/workspace/code-generation/modern-music-player-318903-318913/music_player_frontend/src/context/AuthContext.js", "pattern": "/^export const AuthProvider = ({ children }) => {$/", "language": "JavaScript", "kind": "constant"}, {"_type": "tag", "name": "children", "path": "/home/kavia/workspace/code-generation/modern-music-player-318903-318913/music_player_frontend/src/context/AuthContext.js", "pattern": "/^export const AuthProvider = ({ children }) => {$/", "language": "JavaScript", "kind": "field", "scope": "AuthProvider", "scopeKind": "class"}, {"_type": "tag", "name": "context", "path": "/home/kavia/workspace/code-generation/modern-music-player-318903-318913/music_player_frontend/src/context/AuthContext.js", "pattern": "/^  const context = useContext(AuthContext);$/", "language": "JavaScript", "kind": "constant"}, {"_type": "tag", "name": "login", "path": "/home/kavia/workspace/code-generation/modern-music-player-318903-318913/music_player_frontend/src/context/AuthContext.js", "pattern": "/^  const login = async (credentials) => {$/", "language": "JavaScript", "kind": "constant"}, {"_type": "tag", "name": "logout", "path": "/home/kavia/workspace/code-generation/modern-music-player-318903-318913/music_player_frontend/src/context/AuthContext.js", "pattern": "/^  const logout = () => {$/", "language": "JavaScript", "kind": "constant"}, {"_type": "tag", "name": "register", "path": "/home/kavia/workspace/code-generation/modern-music-player-318903-318913/music_player_frontend/src/context/AuthContext.js", "pattern": "/^  const register = async (userData) => {$/", "language": "JavaScript", "kind": "constant"}, {"_type": "tag", "name": "response", "path": "/home/kavia/workspace/code-generation/modern-music-player-318903-318913/music_player_frontend/src/context/AuthContext.js", "pattern": "/^      const response = await authAPI.login(credentials);$/", "language": "JavaScript", "kind": "constant"}, {"_type": "tag", "name": "response", "path": "/home/kavia/workspace/code-generation/modern-music-player-318903-318913/music_player_frontend/src/context/AuthContext.js", "pattern": "/^      const response = await authAPI.register(userData);$/", "language": "JavaScript", "kind": "constant"}, {"_type": "tag", "name": "setLoading", "path": "/home/kavia/workspace/code-generation/modern-music-player-318903-318913/music_player_frontend/src/context/AuthContext.js", "pattern": "/^  const [loading, setLoading] = useState(true);$/", "language": "JavaScript", "kind": "constant"}, {"_type": "tag", "name": "setUser", "path": "/home/kavia/workspace/code-generation/modern-music-player-318903-318913/music_player_frontend/src/context/AuthContext.js", "pattern": "/^  const [user, setUser] = useState(null);$/", "language": "JavaScript", "kind": "constant"}, {"_type": "tag", "name": "useAuth", "path": "/home/kavia/workspace/code-generation/modern-music-player-318903-318913/music_player_frontend/src/context/AuthContext.js", "pattern": "/^export const useAuth = () => {$/", "language": "JavaScript", "kind": "constant"}, {"_type": "tag", "name": "user", "path": "/home/kavia/workspace/code-generation/modern-music-player-318903-318913/music_player_frontend/src/context/AuthContext.js", "pattern": "/^    user,$/", "language": "JavaScript", "kind": "field", "scope": "value", "scopeKind": "class"}, {"_type": "tag", "name": "value", "path": "/home/kavia/workspace/code-generation/modern-music-player-318903-318913/music_player_frontend/src/context/AuthContext.js", "pattern": "/^  const value = {$/", "language": "JavaScript", "kind": "constant"}, {"_type": "tag", "name": "value", "path": "/home/kavia/workspace/code-generation/modern-music-player-318903-318913/music_player_frontend/src/context/AuthContext.js", "pattern": "/^  return <AuthContext.Provider value={value}>{children}<\\/AuthContext.Provider>;$/", "language": "JavaScript", "kind": "field", "scope": "Provider", "scopeKind": "class"}], "hash": "f2cb31d5dcaf0a8e4bde715208a5c727", "format-version": 4, "code-base-name": "music_player_frontend", "filename": "music_player_frontend/src/context/AuthContext.js", "fields": [{"name": "export const AuthProvider = ({ children }) => {", "scope": "AuthProvider", "scopeKind": "class", "description": "unavailable"}, {"name": "user,", "scope": "value", "scopeKind": "class", "description": "unavailable"}, {"name": "return <AuthContext.Provider value={value}>{children}<\\/AuthContext.Provider>;", "scope": "Provider", "scopeKind": "class", "description": "unavailable"}], "revision_history": [{"33": ""}]}