{"is_source_file": true, "format": "JavaScript (React JSX)", "description": "React component for user registration in a music player application, including form handling, validation, and integration with authentication context.", "external_files": ["../../context/AuthContext", "./Auth.css"], "external_methods": ["useAuth", "register", "navigate"], "published": ["Register"], "classes": [], "methods": [{"name": "handleChange", "description": "Handles updates to form inputs and clears error messages."}, {"name": "handleSubmit", "description": "Handles form submission, validates input, calls registration function, and navigates on success."}], "calls": ["useAuth", "register", "navigate", "setFormData", "setError", "setLoading", "preventDefault", "register", "navigate", "setError", "setLoading"], "search-terms": ["React Register component", "authentication form", "React form validation", "user registration", "AuthContext"], "state": 2, "file_id": 16, "knowledge_revision": 39, "git_revision": "", "ctags": [{"_type": "tag", "name": "Register", "path": "/home/kavia/workspace/code-generation/modern-music-player-318903-318913/music_player_frontend/src/components/Auth/Register.js", "pattern": "/^const Register = () => {$/", "language": "JavaScript", "kind": "constant"}, {"_type": "tag", "name": "formData", "path": "/home/kavia/workspace/code-generation/modern-music-player-318903-318913/music_player_frontend/src/components/Auth/Register.js", "pattern": "/^              value={formData.confirmPassword}$/", "language": "JavaScript", "kind": "field", "scope": "value", "scopeKind": "class"}, {"_type": "tag", "name": "formData", "path": "/home/kavia/workspace/code-generation/modern-music-player-318903-318913/music_player_frontend/src/components/Auth/Register.js", "pattern": "/^              value={formData.email}$/", "language": "JavaScript", "kind": "field", "scope": "value", "scopeKind": "class"}, {"_type": "tag", "name": "formData", "path": "/home/kavia/workspace/code-generation/modern-music-player-318903-318913/music_player_frontend/src/components/Auth/Register.js", "pattern": "/^              value={formData.password}$/", "language": "JavaScript", "kind": "field", "scope": "value", "scopeKind": "class"}, {"_type": "tag", "name": "formData", "path": "/home/kavia/workspace/code-generation/modern-music-player-318903-318913/music_player_frontend/src/components/Auth/Register.js", "pattern": "/^              value={formData.username}$/", "language": "JavaScript", "kind": "field", "scope": "value", "scopeKind": "class"}, {"_type": "tag", "name": "handleChange", "path": "/home/kavia/workspace/code-generation/modern-music-player-318903-318913/music_player_frontend/src/components/Auth/Register.js", "pattern": "/^              onChange={handleChange}$/", "language": "JavaScript", "kind": "field", "scope": "onChange", "scopeKind": "class"}, {"_type": "tag", "name": "handleChange", "path": "/home/kavia/workspace/code-generation/modern-music-player-318903-318913/music_player_frontend/src/components/Auth/Register.js", "pattern": "/^  const handleChange = (e) => {$/", "language": "JavaScript", "kind": "constant"}, {"_type": "tag", "name": "handleSubmit", "path": "/home/kavia/workspace/code-generation/modern-music-player-318903-318913/music_player_frontend/src/components/Auth/Register.js", "pattern": "/^  const handleSubmit = async (e) => {$/", "language": "JavaScript", "kind": "constant"}, {"_type": "tag", "name": "navigate", "path": "/home/kavia/workspace/code-generation/modern-music-player-318903-318913/music_player_frontend/src/components/Auth/Register.js", "pattern": "/^  const navigate = useNavigate();$/", "language": "JavaScript", "kind": "constant"}, {"_type": "tag", "name": "setError", "path": "/home/kavia/workspace/code-generation/modern-music-player-318903-318913/music_player_frontend/src/components/Auth/Register.js", "pattern": "/^  const [error, setError] = useState('');$/", "language": "JavaScript", "kind": "constant"}, {"_type": "tag", "name": "setFormData", "path": "/home/kavia/workspace/code-generation/modern-music-player-318903-318913/music_player_frontend/src/components/Auth/Register.js", "pattern": "/^  const [formData, setFormData] = useState({$/", "language": "JavaScript", "kind": "constant"}, {"_type": "tag", "name": "setLoading", "path": "/home/kavia/workspace/code-generation/modern-music-player-318903-318913/music_player_frontend/src/components/Auth/Register.js", "pattern": "/^  const [loading, setLoading] = useState(false);$/", "language": "JavaScript", "kind": "constant"}], "hash": "d153f159dacea8ddda67420d5be71659", "format-version": 4, "code-base-name": "music_player_frontend", "filename": "music_player_frontend/src/components/Auth/Register.js", "fields": [{"name": "value={formData.confirmPassword}", "scope": "value", "scopeKind": "class", "description": "unavailable"}, {"name": "value={formData.email}", "scope": "value", "scopeKind": "class", "description": "unavailable"}, {"name": "value={formData.password}", "scope": "value", "scopeKind": "class", "description": "unavailable"}, {"name": "value={formData.username}", "scope": "value", "scopeKind": "class", "description": "unavailable"}, {"name": "onChange={handleChange}", "scope": "onChange", "scopeKind": "class", "description": "unavailable"}], "revision_history": [{"39": ""}]}