{"is_source_file": true, "format": "JavaScript (React JSX)", "description": "React component implementing a music player UI with playback controls, volume adjustment, and integration with a song API.", "external_files": ["../../services/api", "./Player.css"], "external_methods": ["songAPI.getAudioUrl"], "published": ["Player"], "classes": [], "methods": [{"name": "Player", "description": "React functional component for audio playback controls including play, pause, next, previous, volume, and progress bar."}], "calls": ["songAPI.getAudioUrl"], "search-terms": ["React", "audio player", "playback controls", "volume control", "track progress", "Music Player UI"], "state": 2, "file_id": 26, "knowledge_revision": 68, "git_revision": "", "revision_history": [{"59": ""}, {"68": ""}], "ctags": [{"_type": "tag", "name": "Player", "path": "/home/kavia/workspace/code-generation/modern-music-player-318903-318913/music_player_frontend/src/components/Dashboard/Player.js", "pattern": "/^const Player = ({ currentSong, isPlaying, onPlayPause, onNext, onPrevious }) => {$/", "language": "JavaScript", "kind": "constant"}, {"_type": "tag", "name": "audioRef", "path": "/home/kavia/workspace/code-generation/modern-music-player-318903-318913/music_player_frontend/src/components/Dashboard/Player.js", "pattern": "/^        ref={audioRef}$/", "language": "JavaScript", "kind": "field", "scope": "ref", "scopeKind": "class"}, {"_type": "tag", "name": "audioRef", "path": "/home/kavia/workspace/code-generation/modern-music-player-318903-318913/music_player_frontend/src/components/Dashboard/Player.js", "pattern": "/^  const audioRef = useRef(null);$/", "language": "JavaScript", "kind": "constant"}, {"_type": "tag", "name": "currentSong", "path": "/home/kavia/workspace/code-generation/modern-music-player-318903-318913/music_player_frontend/src/components/Dashboard/Player.js", "pattern": "/^const Player = ({ currentSong, isPlaying, onPlayPause, onNext, onPrevious }) => {$/", "language": "JavaScript", "kind": "field", "scope": "Player", "scopeKind": "class"}, {"_type": "tag", "name": "currentTime", "path": "/home/kavia/workspace/code-generation/modern-music-player-318903-318913/music_player_frontend/src/components/Dashboard/Player.js", "pattern": "/^            value={currentTime}$/", "language": "JavaScript", "kind": "field", "scope": "value", "scopeKind": "class"}, {"_type": "tag", "name": "duration", "path": "/home/kavia/workspace/code-generation/modern-music-player-318903-318913/music_player_frontend/src/components/Dashboard/Player.js", "pattern": "/^            max={duration || 0}$/", "language": "JavaScript", "kind": "field", "scope": "max", "scopeKind": "class"}, {"_type": "tag", "name": "formatTime", "path": "/home/kavia/workspace/code-generation/modern-music-player-318903-318913/music_player_frontend/src/components/Dashboard/Player.js", "pattern": "/^  const formatTime = (seconds) => {$/", "language": "JavaScript", "kind": "constant"}, {"_type": "tag", "name": "handleEnded", "path": "/home/kavia/workspace/code-generation/modern-music-player-318903-318913/music_player_frontend/src/components/Dashboard/Player.js", "pattern": "/^        onEnded={handleEnded}$/", "language": "JavaScript", "kind": "field", "scope": "onEnded", "scopeKind": "class"}, {"_type": "tag", "name": "handleEnded", "path": "/home/kavia/workspace/code-generation/modern-music-player-318903-318913/music_player_frontend/src/components/Dashboard/Player.js", "pattern": "/^  const handleEnded = () => {$/", "language": "JavaScript", "kind": "constant"}, {"_type": "tag", "name": "handleLoadedMetadata", "path": "/home/kavia/workspace/code-generation/modern-music-player-318903-318913/music_player_frontend/src/components/Dashboard/Player.js", "pattern": "/^        onLoadedMetadata={handleLoadedMetadata}$/", "language": "JavaScript", "kind": "field", "scope": "onLoadedMetadata", "scopeKind": "class"}, {"_type": "tag", "name": "handleLoadedMetadata", "path": "/home/kavia/workspace/code-generation/modern-music-player-318903-318913/music_player_frontend/src/components/Dashboard/Player.js", "pattern": "/^  const handleLoadedMetadata = () => {$/", "language": "JavaScript", "kind": "constant"}, {"_type": "tag", "name": "handleSeek", "path": "/home/kavia/workspace/code-generation/modern-music-player-318903-318913/music_player_frontend/src/components/Dashboard/Player.js", "pattern": "/^            onChange={handleSeek}$/", "language": "JavaScript", "kind": "field", "scope": "onChange", "scopeKind": "class"}, {"_type": "tag", "name": "handleSeek", "path": "/home/kavia/workspace/code-generation/modern-music-player-318903-318913/music_player_frontend/src/components/Dashboard/Player.js", "pattern": "/^  const handleSeek = (e) => {$/", "language": "JavaScript", "kind": "constant"}, {"_type": "tag", "name": "handleTimeUpdate", "path": "/home/kavia/workspace/code-generation/modern-music-player-318903-318913/music_player_frontend/src/components/Dashboard/Player.js", "pattern": "/^        onTimeUpdate={handleTimeUpdate}$/", "language": "JavaScript", "kind": "field", "scope": "onTimeUpdate", "scopeKind": "class"}, {"_type": "tag", "name": "handleTimeUpdate", "path": "/home/kavia/workspace/code-generation/modern-music-player-318903-318913/music_player_frontend/src/components/Dashboard/Player.js", "pattern": "/^  const handleTimeUpdate = () => {$/", "language": "JavaScript", "kind": "constant"}, {"_type": "tag", "name": "handleVolumeChange", "path": "/home/kavia/workspace/code-generation/modern-music-player-318903-318913/music_player_frontend/src/components/Dashboard/Player.js", "pattern": "/^          onChange={handleVolumeChange}$/", "language": "JavaScript", "kind": "field", "scope": "onChange", "scopeKind": "class"}, {"_type": "tag", "name": "handleVolumeChange", "path": "/home/kavia/workspace/code-generation/modern-music-player-318903-318913/music_player_frontend/src/components/Dashboard/Player.js", "pattern": "/^  const handleVolumeChange = (e) => {$/", "language": "JavaScript", "kind": "constant"}, {"_type": "tag", "name": "isMuted", "path": "/home/kavia/workspace/code-generation/modern-music-player-318903-318913/music_player_frontend/src/components/Dashboard/Player.js", "pattern": "/^          value={isMuted ? 0 : volume}$/", "language": "JavaScript", "kind": "field", "scope": "value", "scopeKind": "class"}, {"_type": "tag", "name": "mins", "path": "/home/kavia/workspace/code-generation/modern-music-player-318903-318913/music_player_frontend/src/components/Dashboard/Player.js", "pattern": "/^    const mins = Math.floor(seconds \\/ 60);$/", "language": "JavaScript", "kind": "constant"}, {"_type": "tag", "name": "newVolume", "path": "/home/kavia/workspace/code-generation/modern-music-player-318903-318913/music_player_frontend/src/components/Dashboard/Player.js", "pattern": "/^    const newVolume = parseFloat(e.target.value);$/", "language": "JavaScript", "kind": "constant"}, {"_type": "tag", "name": "secs", "path": "/home/kavia/workspace/code-generation/modern-music-player-318903-318913/music_player_frontend/src/components/Dashboard/Player.js", "pattern": "/^    const secs = Math.floor(seconds % 60);$/", "language": "JavaScript", "kind": "constant"}, {"_type": "tag", "name": "seekTime", "path": "/home/kavia/workspace/code-generation/modern-music-player-318903-318913/music_player_frontend/src/components/Dashboard/Player.js", "pattern": "/^    const seekTime = parseFloat(e.target.value);$/", "language": "JavaScript", "kind": "constant"}, {"_type": "tag", "name": "setCurrentTime", "path": "/home/kavia/workspace/code-generation/modern-music-player-318903-318913/music_player_frontend/src/components/Dashboard/Player.js", "pattern": "/^  const [currentTime, setCurrentTime] = useState(0);$/", "language": "JavaScript", "kind": "constant"}, {"_type": "tag", "name": "setDuration", "path": "/home/kavia/workspace/code-generation/modern-music-player-318903-318913/music_player_frontend/src/components/Dashboard/Player.js", "pattern": "/^  const [duration, setDuration] = useState(0);$/", "language": "JavaScript", "kind": "constant"}, {"_type": "tag", "name": "setIsMuted", "path": "/home/kavia/workspace/code-generation/modern-music-player-318903-318913/music_player_frontend/src/components/Dashboard/Player.js", "pattern": "/^  const [isMuted, setIsMuted] = useState(false);$/", "language": "JavaScript", "kind": "constant"}, {"_type": "tag", "name": "setVolume", "path": "/home/kavia/workspace/code-generation/modern-music-player-318903-318913/music_player_frontend/src/components/Dashboard/Player.js", "pattern": "/^  const [volume, setVolume] = useState(1);$/", "language": "JavaScript", "kind": "constant"}, {"_type": "tag", "name": "toggleMute", "path": "/home/kavia/workspace/code-generation/modern-music-player-318903-318913/music_player_frontend/src/components/Dashboard/Player.js", "pattern": "/^  const toggleMute = () => {$/", "language": "JavaScript", "kind": "constant"}], "hash": "2912c7d44e4c7e0b3c1130d581b03cbd", "format-version": 4, "code-base-name": "music_player_frontend", "filename": "music_player_frontend/src/components/Dashboard/Player.js", "fields": [{"name": "ref={audioRef}", "scope": "ref", "scopeKind": "class", "description": "unavailable"}, {"name": "const Player = ({ currentSong, isPlaying, onPlayPause, onNext, onPrevious }) => {", "scope": "Player", "scopeKind": "class", "description": "unavailable"}, {"name": "value={currentTime}", "scope": "value", "scopeKind": "class", "description": "unavailable"}, {"name": "max={duration || 0}", "scope": "max", "scopeKind": "class", "description": "unavailable"}, {"name": "onEnded={handleEnded}", "scope": "onEnded", "scopeKind": "class", "description": "unavailable"}, {"name": "onLoadedMetadata={handleLoadedMetadata}", "scope": "onLoadedMetadata", "scopeKind": "class", "description": "unavailable"}, {"name": "onChange={handleSeek}", "scope": "onChange", "scopeKind": "class", "description": "unavailable"}, {"name": "onTimeUpdate={handleTimeUpdate}", "scope": "onTimeUpdate", "scopeKind": "class", "description": "unavailable"}, {"name": "onChange={handleVolumeChange}", "scope": "onChange", "scopeKind": "class", "description": "unavailable"}, {"name": "value={isMuted ? 0 : volume}", "scope": "value", "scopeKind": "class", "description": "unavailable"}]}