{"is_source_file": true, "format": "JavaScript (React JSX)", "description": "React component for creating and editing playlists within a music player frontend. Implements a modal dialog with form handling, validation, and callbacks for save and close actions.", "external_files": ["./Modal.css"], "external_methods": ["React.useState", "FaTimes (from react-icons/fa)"], "published": ["PlaylistModal"], "classes": [], "methods": [{"name": "handleChange", "description": "Handles input change events, updates form data state, and resets error message."}, {"name": "handleSubmit", "description": "Handles form submission, performs validation, manages loading state, and calls onSave callback."}], "calls": ["onSave(formData)", "setFormData({...})", "setError('')", "setLoading(true)", "setLoading(false)", "setError(err.response?.data?.message || 'Failed to save playlist. Please try again.')"], "search-terms": ["PlaylistModal React component", "playlist creation editing modal", "useState form handling", "React modal component"], "state": 2, "file_id": 29, "knowledge_revision": 65, "git_revision": "", "ctags": [{"_type": "tag", "name": "PlaylistModal", "path": "/home/kavia/workspace/code-generation/modern-music-player-318903-318913/music_player_frontend/src/components/Dashboard/PlaylistModal.js", "pattern": "/^const PlaylistModal = ({ playlist, onClose, onSave }) => {$/", "language": "JavaScript", "kind": "constant"}, {"_type": "tag", "name": "formData", "path": "/home/kavia/workspace/code-generation/modern-music-player-318903-318913/music_player_frontend/src/components/Dashboard/PlaylistModal.js", "pattern": "/^              value={formData.description}$/", "language": "JavaScript", "kind": "field", "scope": "value", "scopeKind": "class"}, {"_type": "tag", "name": "formData", "path": "/home/kavia/workspace/code-generation/modern-music-player-318903-318913/music_player_frontend/src/components/Dashboard/PlaylistModal.js", "pattern": "/^              value={formData.name}$/", "language": "JavaScript", "kind": "field", "scope": "value", "scopeKind": "class"}, {"_type": "tag", "name": "handleChange", "path": "/home/kavia/workspace/code-generation/modern-music-player-318903-318913/music_player_frontend/src/components/Dashboard/PlaylistModal.js", "pattern": "/^              onChange={handleChange}$/", "language": "JavaScript", "kind": "field", "scope": "onChange", "scopeKind": "class"}, {"_type": "tag", "name": "handleChange", "path": "/home/kavia/workspace/code-generation/modern-music-player-318903-318913/music_player_frontend/src/components/Dashboard/PlaylistModal.js", "pattern": "/^  const handleChange = (e) => {$/", "language": "JavaScript", "kind": "constant"}, {"_type": "tag", "name": "handleSubmit", "path": "/home/kavia/workspace/code-generation/modern-music-player-318903-318913/music_player_frontend/src/components/Dashboard/PlaylistModal.js", "pattern": "/^  const handleSubmit = async (e) => {$/", "language": "JavaScript", "kind": "constant"}, {"_type": "tag", "name": "isEditing", "path": "/home/kavia/workspace/code-generation/modern-music-player-318903-318913/music_player_frontend/src/components/Dashboard/PlaylistModal.js", "pattern": "/^  const isEditing = !!playlist;$/", "language": "JavaScript", "kind": "constant"}, {"_type": "tag", "name": "loading", "path": "/home/kavia/workspace/code-generation/modern-music-player-318903-318913/music_player_frontend/src/components/Dashboard/PlaylistModal.js", "pattern": "/^              disabled={loading}$/", "language": "JavaScript", "kind": "field", "scope": "disabled", "scopeKind": "class"}, {"_type": "tag", "name": "onClose", "path": "/home/kavia/workspace/code-generation/modern-music-player-318903-318913/music_player_frontend/src/components/Dashboard/PlaylistModal.js", "pattern": "/^              onClick={onClose}$/", "language": "JavaScript", "kind": "field", "scope": "onClick", "scopeKind": "class"}, {"_type": "tag", "name": "playlist", "path": "/home/kavia/workspace/code-generation/modern-music-player-318903-318913/music_player_frontend/src/components/Dashboard/PlaylistModal.js", "pattern": "/^const PlaylistModal = ({ playlist, onClose, onSave }) => {$/", "language": "JavaScript", "kind": "field", "scope": "PlaylistModal", "scopeKind": "class"}, {"_type": "tag", "name": "setError", "path": "/home/kavia/workspace/code-generation/modern-music-player-318903-318913/music_player_frontend/src/components/Dashboard/PlaylistModal.js", "pattern": "/^  const [error, setError] = useState('');$/", "language": "JavaScript", "kind": "constant"}, {"_type": "tag", "name": "setFormData", "path": "/home/kavia/workspace/code-generation/modern-music-player-318903-318913/music_player_frontend/src/components/Dashboard/PlaylistModal.js", "pattern": "/^  const [formData, setFormData] = useState({$/", "language": "JavaScript", "kind": "constant"}, {"_type": "tag", "name": "setLoading", "path": "/home/kavia/workspace/code-generation/modern-music-player-318903-318913/music_player_frontend/src/components/Dashboard/PlaylistModal.js", "pattern": "/^  const [loading, setLoading] = useState(false);$/", "language": "JavaScript", "kind": "constant"}], "hash": "88e1549a145a02934f995520c6668c96", "format-version": 4, "code-base-name": "music_player_frontend", "filename": "music_player_frontend/src/components/Dashboard/PlaylistModal.js", "fields": [{"name": "value={formData.description}", "scope": "value", "scopeKind": "class", "description": "unavailable"}, {"name": "value={formData.name}", "scope": "value", "scopeKind": "class", "description": "unavailable"}, {"name": "onChange={handleChange}", "scope": "onChange", "scopeKind": "class", "description": "unavailable"}, {"name": "disabled={loading}", "scope": "disabled", "scopeKind": "class", "description": "unavailable"}, {"name": "onClick={onClose}", "scope": "onClick", "scopeKind": "class", "description": "unavailable"}, {"name": "const PlaylistModal = ({ playlist, onClose, onSave }) => {", "scope": "PlaylistModal", "scopeKind": "class", "description": "unavailable"}], "revision_history": [{"65": ""}]}