{"is_source_file": true, "format": "JavaScript", "description": "A React functional component implementing a sidebar for managing user playlists, including features for selecting, creating, editing, and deleting playlists.", "external_files": ["./PlaylistModal", "./PlaylistSidebar.css"], "external_methods": ["onPlaylistDelete", "onPlaylistUpdate", "onPlaylistCreate", "onPlaylistSelect", "onAllSongsClick"], "published": ["PlaylistSidebar"], "classes": [], "methods": [{"name": "handleEditClick", "description": "Handles click event on edit button, sets the playlist to be edited and shows the modal."}, {"name": "handleDeleteClick", "description": "Handles delete button click, confirms deletion and calls delete callback."}, {"name": "handlePlaylistUpdate", "description": "Handles playlist update, calls update callback and closes modal."}], "calls": ["onPlaylistDelete", "onPlaylistUpdate", "onPlaylistCreate", "onPlaylistSelect", "onAllSongsClick", "setShowEditModal", "setEditingPlaylist"], "search-terms": ["PlaylistSidebar", "React", "playlist management", "PlaylistModal", "React icons"], "state": 2, "file_id": 22, "knowledge_revision": 51, "git_revision": "", "ctags": [{"_type": "tag", "name": "PlaylistSidebar", "path": "/home/kavia/workspace/code-generation/modern-music-player-318903-318913/music_player_frontend/src/components/Dashboard/PlaylistSidebar.js", "pattern": "/^const PlaylistSidebar = ({$/", "language": "JavaScript", "kind": "constant"}, {"_type": "tag", "name": "handleDeleteClick", "path": "/home/kavia/workspace/code-generation/modern-music-player-318903-318913/music_player_frontend/src/components/Dashboard/PlaylistSidebar.js", "pattern": "/^  const handleDeleteClick = async (e, playlistId) => {$/", "language": "JavaScript", "kind": "constant"}, {"_type": "tag", "name": "handleEditClick", "path": "/home/kavia/workspace/code-generation/modern-music-player-318903-318913/music_player_frontend/src/components/Dashboard/PlaylistSidebar.js", "pattern": "/^  const handleEditClick = (e, playlist) => {$/", "language": "JavaScript", "kind": "constant"}, {"_type": "tag", "name": "handlePlaylistUpdate", "path": "/home/kavia/workspace/code-generation/modern-music-player-318903-318913/music_player_frontend/src/components/Dashboard/PlaylistSidebar.js", "pattern": "/^  const handlePlaylistUpdate = async (playlistData) => {$/", "language": "JavaScript", "kind": "constant"}, {"_type": "tag", "name": "onAllSongsClick", "path": "/home/kavia/workspace/code-generation/modern-music-player-318903-318913/music_player_frontend/src/components/Dashboard/PlaylistSidebar.js", "pattern": "/^          onClick={onAllSongsClick}$/", "language": "JavaScript", "kind": "field", "scope": "onClick", "scopeKind": "class"}, {"_type": "tag", "name": "onPlaylistCreate", "path": "/home/kavia/workspace/code-generation/modern-music-player-318903-318913/music_player_frontend/src/components/Dashboard/PlaylistSidebar.js", "pattern": "/^          onClick={onPlaylistCreate}$/", "language": "JavaScript", "kind": "field", "scope": "onClick", "scopeKind": "class"}, {"_type": "tag", "name": "playlist-item ${!currentPlaylist ? 'active' : ''}", "path": "/home/kavia/workspace/code-generation/modern-music-player-318903-318913/music_player_frontend/src/components/Dashboard/PlaylistSidebar.js", "pattern": "/^          className={`playlist-item ${!currentPlaylist ? 'active' : ''}`}$/", "language": "JavaScript", "kind": "field", "scope": "className", "scopeKind": "class"}, {"_type": "tag", "name": "playlists", "path": "/home/kavia/workspace/code-generation/modern-music-player-318903-318913/music_player_frontend/src/components/Dashboard/PlaylistSidebar.js", "pattern": "/^  playlists,$/", "language": "JavaScript", "kind": "field", "scope": "PlaylistSidebar", "scopeKind": "class"}, {"_type": "tag", "name": "setEditingPlaylist", "path": "/home/kavia/workspace/code-generation/modern-music-player-318903-318913/music_player_frontend/src/components/Dashboard/PlaylistSidebar.js", "pattern": "/^  const [editingPlaylist, setEditingPlaylist] = useState(null);$/", "language": "JavaScript", "kind": "constant"}, {"_type": "tag", "name": "setShowEditModal", "path": "/home/kavia/workspace/code-generation/modern-music-player-318903-318913/music_player_frontend/src/components/Dashboard/PlaylistSidebar.js", "pattern": "/^  const [showEditModal, setShowEditModal] = useState(false);$/", "language": "JavaScript", "kind": "constant"}], "hash": "141d280576b9cb2f6bc312d6ffbe61ed", "format-version": 4, "code-base-name": "music_player_frontend", "filename": "music_player_frontend/src/components/Dashboard/PlaylistSidebar.js", "fields": [{"name": "onClick={onAllSongsClick}", "scope": "onClick", "scopeKind": "class", "description": "unavailable"}, {"name": "onClick={onPlaylistCreate}", "scope": "onClick", "scopeKind": "class", "description": "unavailable"}, {"name": "className={`playlist-item ${!currentPlaylist ? 'active' : ''}`}", "scope": "className", "scopeKind": "class", "description": "unavailable"}, {"name": "playlists,", "scope": "PlaylistSidebar", "scopeKind": "class", "description": "unavailable"}], "revision_history": [{"51": ""}]}