{"is_source_file": false, "format": "", "description": "", "external_files": [], "external_methods": [], "published": [], "classes": [], "methods": [], "calls": [], "search-terms": ["CSS", "App.css", "loading-spinner", "animation", "loading"], "state": 2, "file_id": 8, "knowledge_revision": 35, "git_revision": "", "hash": "7f7f392e0c1dbec5a5cf94e9eb4a71d8", "format-version": 4, "code-base-name": "music_player_frontend", "filename": "music_player_frontend/src/App.css", "revision_history": [{"35": ""}]}