{"is_source_file": false, "format": "", "description": "", "external_files": [], "external_methods": [], "published": [], "classes": [], "methods": [], "calls": [], "search-terms": [], "state": 2, "file_id": 1, "knowledge_revision": 14, "git_revision": "6860fa1423a88317e5ca680c4b38d1ea154a1216", "hash": "c1556b1c3e36256dd41fec5b016b5ce9", "format-version": 4, "code-base-name": "music_player_frontend", "filename": "README.md", "revision_history": [{"14": "6860fa1423a88317e5ca680c4b38d1ea154a1216"}]}